Method,NMI Score
Spectral Clustering,1.0
Node2vec,0.7916511749766851
LINE,0.7650388236105519
GraRep,0.9254548275071385
